{
  "epoch": 950,
  "train_loss": 2.0182993412017822,
  "val_loss": 5.783568859100342,
  "test_reconst_mse": 0.07388626039028168,
  "mean_success_rate": 0.5266666666666666
}